{
    "mean": 166.12005537113407,
    "std": 65.76201690616026
}